{"accuracy": 0.928030303030303, "precision": 0.9293785310734464, "recall": 0.8879892037786775, "f1": 0.9082125603864734, "roc_auc": 0.9738719496956553}