{"accuracy": 0.9323593073593074, "precision": 0.9362606232294618, "recall": 0.8920377867746289, "f1": 0.9136143745680718, "roc_auc": 0.973430640739156}