{"accuracy": 0.9109007040543822, "precision": 0.6506746626686657, "recall": 0.4641711229946524, "f1": 0.5418227215980026, "roc_auc": 0.9372708161102938}